"","season","year","treatment","rep","LF.audpc","LM.audpc","RH.audpc","WM.audpc","Defo.audpc","BLB.audpc","BLS.audpc","LB.audpc","LS.audpc","NBS.audpc","RS.audpc","xBB","xHB","xGSD","xRSD","xRTV","x.WA","x.WB","mean.ykh"
"1","DS",2014,"FP",1,12.2292966042966,34.1701180155128,0,518.556788506386,265.79180313685,0,69.9786324786325,0,0,387.101355028987,0,0,0,0,0,0,491.666666666667,491.666666666667,7090.63666940843
"2","DS",2014,"FP",2,24.0930287171229,43.0609219808781,0,698.392678619698,201.436689924899,130.573830409357,0,0,0,360.86126309596,0,0,0,0,0,0,0,0,7556.48628037301
"3","DS",2014,"FP",3,47.6726129924884,9.72222222222222,0,452.977020655519,85.4537821964881,0,0,0,0,303.430826909445,0,0,0,0,0,0,50,50,6327.22829788086
"4","DS",2014,"FP",4,56.7772620368444,40.0895718357341,0,364.172226305827,236.339987587842,0,0,0,7.5,460.844530814377,0,0,0,0,0,0,391.666666666667,191.666666666667,6998.73434024699
"5","DS",2014,"GM21",1,9.51704545454546,78.4820316983307,0,672.436307887189,157.157466680368,127.311353668262,0,0,0,31.7539231601732,0,0,0,0,0,0,450,450,6601.34415641093
